case,vdc_mean,vdc_std,vdc_min,vdc_max
mode1_cruise_low,1506.86811166012,2.33988795954755,1499.99920996867,1517.37531492718
mode2_cruise_high,1503.70844057373,5.26870866092855,1497.77923541666,1517.37531492718
mode3_dp_normal,1503.05525699637,5.51037478615505,1494.91467341512,1517.37531492718
mode4_dp_harsh,1503.18521719066,5.40635822167949,1497.60087635788,1517.37531492718
fault_bus_short,1481.29786299784,137.94757832204,731.464054897196,1550
fault_pos_ground,1506.86811166012,2.33988795954755,1499.99920996867,1517.37531492718
fault_neg_ground,1506.86811166012,2.33988795954755,1499.99920996867,1517.37531492718
