case,vdc_mean,vdc_std,vdc_min,vdc_max
mode1_cruise_low,1504.97827564171,3.08138705784636,1488.208111369,1506.36379305956
mode2_cruise_high,1473.22022420771,33.1785865965348,1434.50420269627,1506.36379305956
mode3_dp_normal,1516.62289555944,13.0677239798721,1488.208111369,1531.69567062127
mode4_dp_harsh,1501.27317175827,4.62138462848066,1488.208111369,1506.36379305956
fault_bus_short,1479.25361254735,125.834095226191,837.371743951471,1550
fault_pos_ground,1504.97827564171,3.08138705784636,1488.208111369,1506.36379305956
fault_neg_ground,1504.97827564171,3.08138705784636,1488.208111369,1506.36379305956
